{"stats":{"minecraft:killed_by":{"minecraft:enderman":1},"minecraft:dropped":{"conjurer_illager:throwable_ball":9,"blue_skies:charscale_moki_spawn_egg":64,"minecraft:redstone_torch":1,"betterend:violecite_lantern":1,"alexsmobs:banana":64},"minecraft:custom":{"minecraft:mob_kills":17,"minecraft:interact_with_anvil":1,"minecraft:leave_game":2,"minecraft:time_since_death":3507,"minecraft:damage_resisted":1306,"minecraft:climb_one_cm":50,"minecraft:time_since_rest":3534,"minecraft:damage_absorbed":946,"minecraft:sprint_one_cm":53875,"minecraft:open_enderchest":1,"minecraft:damage_taken":2234,"minecraft:walk_one_cm":121389,"minecraft:drop":6,"minecraft:damage_dealt":12202,"minecraft:swim_one_cm":1231,"minecraft:fly_one_cm":1304259,"minecraft:open_chest":14,"minecraft:crouch_one_cm":5921,"minecraft:play_time":58754,"minecraft:deaths":5,"minecraft:sneak_time":3275,"minecraft:walk_under_water_one_cm":12685,"minecraft:aviate_one_cm":465713,"minecraft:jump":581,"minecraft:interact_with_brewingstand":1,"minecraft:walk_on_water_one_cm":1472,"minecraft:total_world_time":58754,"minecraft:fall_one_cm":37441},"minecraft:killed":{"blue_skies:shade_monitor":2,"minecraft:rabbit":1,"blue_skies:venom_spider":2,"blue_skies:spewter":1,"blue_skies:sliv":1,"cataclysm:ender_guardian":1,"bygonenether:warped_enderman":1,"cataclysm:endermaptera":1,"dragonmounts:dragon":1,"blue_skies:stonelet":1,"cataclysm:ender_golem":2,"minecraft:enderman":1},"minecraft:used":{"blue_skies:spewter_spawn_egg":1,"minecraft:trident":4,"minecraft:netherite_sword":101,"quark:foxhound_spawn_egg":3,"cataclysm:endermaptera_spawn_egg":1,"lost_aether_content:phoenix_sword":19,"blue_skies:sliv_spawn_egg":1,"blue_skies:seclam_spawn_egg":1,"minecraft:armor_stand":9,"minecraft:redstone":23,"minecraft:netherite_chestplate":2,"dragonmounts:spawn_egg":8,"cataclysm:ender_golem_spawn_egg":2,"minecraft:redstone_block":7,"blue_skies:armored_frost_spirit_spawn_egg":1,"voidtotem:totem_of_void_undying":1,"blue_skies:charscale_moki_spawn_egg":2,"minecraft:diamond_block":1,"conjurer_illager:conjurer_spawn_egg":3,"minecraft:anvil":1,"minecraft:netherite_leggings":2,"minecraft:tnt":719,"goblintraders:vein_goblin_trader_spawn_egg":4,"supplementaries:bomb":8,"minecraft:light_blue_wool":5,"minecraft:netherite_helmet":2,"minecraft:crossbow":2,"betterend:violecite_lantern":2,"minecraft:white_bed":37,"betterend:thallasium_shovel":3,"blue_skies:nested_spider_spawn_egg":3,"raided:savager_spawn_egg":7,"betterend:mossy_glowshroom_hymenophore":1,"betterend:shadow_berry_raw":1,"minecraft:stripped_spruce_log":60,"betterend:iron_bulb_lantern_purple":1,"minecraft:redstone_torch":10,"minecraft:sticky_piston":13,"cataclysm:ender_guardian_spawn_egg":6,"minecraft:ender_eye":11,"cataclysm:infernal_forge":4,"conjurer_illager:throwable_ball":19,"minecraft:firework_rocket":20,"blue_skies:shade_monitor_spawn_egg":3,"friendsandfoes:totem_of_illusion":1,"betterend:elytra_crystalite":1,"blue_skies:shrumpty_spawn_egg":1,"supplementaries:bomb_blue":5,"minecraft:netherite_boots":2,"twilightforest:giant_sword":1,"minecraft:golden_carrot":4,"minecraft:bow":4,"raided:electromancer_spawn_egg":4,"bygonenether:warped_enderman_spawn_egg":1,"blue_skies:venom_spider_spawn_egg":2,"alexsmobs:banana":1,"blue_skies:stonelet_spawn_egg":1,"cataclysm:ignitium_elytra_chestplate":1,"minecraft:observer":4,"minecraft:enchanted_golden_apple":7,"minecraft:zoglin_spawn_egg":1},"minecraft:picked_up":{"minecraft:leather":4,"cataclysm:gauntlet_of_guard":1,"minecraft:string":1,"cataclysm:void_core":1,"blue_skies:bug_guts":3,"minecraft:redstone_torch":2,"biomesoplenty:toadstool":1,"conjurer_illager:throwable_ball":9,"betterend:mossy_glowshroom_hymenophore":1,"blue_skies:monitor_tail":7,"minecraft:slime_ball":1,"minecraft:coal":4},"minecraft:mined":{"betterend:purple_polypore":1,"betterend:dragon_tree_leaves":1,"betterend:umbrella_moss_tall":1,"betterend:mossy_glowshroom_hymenophore":1,"minecraft:grass":2,"minecraft:oak_leaves":3}},"DataVersion":3465}