{
  "minecraft:recipes/decorations/crafting_table": {
    "criteria": {
      "unlock_right_away": "2024-06-25 05:24:29 +0000"
    },
    "done": true
  },
  "minecraft:adventure/adventuring_time": {
    "criteria": {
      "minecraft:old_growth_pine_taiga": "2024-06-25 07:45:49 +0000",
      "minecraft:taiga": "2024-06-25 05:25:18 +0000",
      "minecraft:beach": "2024-06-25 07:00:47 +0000",
      "minecraft:river": "2024-06-25 07:00:33 +0000",
      "minecraft:snowy_plains": "2024-06-25 07:11:17 +0000",
      "minecraft:stony_shore": "2024-06-25 07:44:58 +0000",
      "minecraft:snowy_taiga": "2024-06-25 07:11:37 +0000",
      "minecraft:cold_ocean": "2024-06-25 07:44:11 +0000",
      "minecraft:forest": "2024-06-25 05:24:30 +0000",
      "minecraft:ocean": "2024-06-25 07:44:29 +0000",
      "minecraft:plains": "2024-06-25 07:09:31 +0000"
    },
    "done": false
  },
  "minecraft:recipes/redstone/redstone": {
    "criteria": {
      "has_redstone_block": "2024-06-25 05:25:26 +0000"
    },
    "done": true
  },
  "minecraft:recipes/redstone/redstone_torch": {
    "criteria": {
      "has_redstone": "2024-06-25 05:26:52 +0000"
    },
    "done": true
  },
  "minecraft:recipes/tools/clock": {
    "criteria": {
      "has_redstone": "2024-06-25 05:26:52 +0000"
    },
    "done": true
  },
  "minecraft:recipes/redstone/dropper": {
    "criteria": {
      "has_redstone": "2024-06-25 05:26:52 +0000"
    },
    "done": true
  },
  "minecraft:recipes/redstone/redstone_block": {
    "criteria": {
      "has_redstone": "2024-06-25 05:26:52 +0000"
    },
    "done": true
  },
  "minecraft:recipes/redstone/note_block": {
    "criteria": {
      "has_redstone": "2024-06-25 05:26:52 +0000"
    },
    "done": true
  },
  "minecraft:recipes/redstone/target": {
    "criteria": {
      "has_redstone": "2024-06-25 05:26:52 +0000"
    },
    "done": true
  },
  "minecraft:recipes/tools/compass": {
    "criteria": {
      "has_redstone": "2024-06-25 05:26:52 +0000"
    },
    "done": true
  },
  "minecraft:recipes/redstone/piston": {
    "criteria": {
      "has_redstone": "2024-06-25 05:26:52 +0000"
    },
    "done": true
  },
  "minecraft:recipes/decorations/painting": {
    "criteria": {
      "has_wool": "2024-06-25 05:27:00 +0000"
    },
    "done": true
  },
  "minecraft:recipes/decorations/light_blue_bed": {
    "criteria": {
      "has_light_blue_wool": "2024-06-25 05:27:00 +0000"
    },
    "done": true
  },
  "minecraft:recipes/decorations/light_blue_carpet": {
    "criteria": {
      "has_light_blue_wool": "2024-06-25 05:27:00 +0000"
    },
    "done": true
  },
  "minecraft:recipes/decorations/light_blue_banner": {
    "criteria": {
      "has_light_blue_wool": "2024-06-25 05:27:00 +0000"
    },
    "done": true
  },
  "minecraft:recipes/redstone/repeater": {
    "criteria": {
      "has_redstone_torch": "2024-06-25 05:27:31 +0000"
    },
    "done": true
  },
  "adorabuild_structures:overworld_structures": {
    "criteria": {
      "always": "2024-06-25 07:00:04 +0000"
    },
    "done": true
  },
  "crabbersdelight:main/root": {
    "criteria": {
      "seeds": "2024-06-25 07:00:04 +0000"
    },
    "done": true
  },
  "betterdungeons:root": {
    "criteria": {
      "always": "2024-06-25 07:00:04 +0000"
    },
    "done": true
  },
  "repurposed_structures:root": {
    "criteria": {
      "always": "2024-06-25 07:00:04 +0000"
    },
    "done": true
  },
  "mowziesmobs:root": {
    "criteria": {
      "custom_test_name": "2024-06-25 07:00:04 +0000"
    },
    "done": true
  },
  "supplementaries:recipes/bomb": {
    "criteria": {
      "has_tnt": "2024-06-25 07:00:04 +0000"
    },
    "done": true
  },
  "dungeons_arise:wda_root": {
    "criteria": {
      "WDA": "2024-06-25 07:00:04 +0000"
    },
    "done": true
  },
  "cataclysm:root": {
    "criteria": {
      "custom_test_name": "2024-06-25 07:00:04 +0000"
    },
    "done": true
  },
  "farmersdelight:main/root": {
    "criteria": {
      "seeds": "2024-06-25 07:00:04 +0000"
    },
    "done": true
  },
  "betterend:root": {
    "criteria": {
      "welcome": "2024-06-25 07:00:05 +0000"
    },
    "done": true
  },
  "biomesoplenty:biomesoplenty/root": {
    "criteria": {
      "maple_woods": "2024-06-25 07:01:16 +0000"
    },
    "done": true
  },
  "biomesoplenty:biomesoplenty/all_biomes": {
    "criteria": {
      "maple_woods": "2024-06-25 07:01:16 +0000",
      "field": "2024-06-25 07:01:43 +0000",
      "coniferous_forest": "2024-06-25 07:06:41 +0000",
      "forested_field": "2024-06-25 07:45:24 +0000",
      "fir_clearing": "2024-06-25 07:06:40 +0000",
      "pumpkin_patch": "2024-06-25 07:06:10 +0000",
      "grassland": "2024-06-25 07:44:20 +0000"
    },
    "done": false
  },
  "supplementaries:recipes/cog_block": {
    "criteria": {
      "has_redstone_block": "2024-06-25 07:01:35 +0000"
    },
    "done": true
  },
  "aether:recipes/combat/netherite_sword_repairing": {
    "criteria": {
      "has_netherite_sword": "2024-06-25 07:14:49 +0000"
    },
    "done": true
  },
  "minecraft:recipes/combat/leather_helmet": {
    "criteria": {
      "has_leather": "2024-06-25 07:32:09 +0000"
    },
    "done": true
  },
  "betterend:recipes/misc/end_berry_smelting": {
    "criteria": {
      "has_item.betterend.shadow_berry_raw": "2024-06-25 07:24:28 +0000"
    },
    "done": true
  },
  "betterend:recipes/misc/terminite_pressure_plate": {
    "criteria": {
      "has_terminite_ingot": "2024-06-25 07:24:44 +0000"
    },
    "done": true
  },
  "betterend:recipes/misc/thallasium_chandelier": {
    "criteria": {
      "has_thallasium_ingot": "2024-06-25 07:24:34 +0000"
    },
    "done": true
  },
  "deeperdarker:recipes/transportation/echo_boat": {
    "criteria": {
      "in_water": "2024-06-25 07:43:31 +0000"
    },
    "done": true
  },
  "aether:recipes/decorations/skyroot_loom": {
    "criteria": {
      "has_string": "2024-06-25 07:38:15 +0000"
    },
    "done": true
  },
  "aether:recipes/decorations/skyroot_barrel": {
    "criteria": {
      "has_slabs": "2024-06-25 07:21:04 +0000"
    },
    "done": true
  },
  "biomesoplenty:recipes/transportation/willow_boat": {
    "criteria": {
      "in_water": "2024-06-25 07:43:31 +0000"
    },
    "done": true
  },
  "aether:recipes/transportation/skyroot_boat": {
    "criteria": {
      "in_water": "2024-06-25 07:43:31 +0000"
    },
    "done": true
  },
  "minecraft:recipes/decorations/end_crystal": {
    "criteria": {
      "has_ender_eye": "2024-06-25 07:12:09 +0000"
    },
    "done": true
  },
  "twigs:recipes/tables/spruce_table": {
    "criteria": {
      "has_the_recipe": "2024-06-25 07:21:04 +0000"
    },
    "done": true
  },
  "minecraft:recipes/combat/leather_chestplate": {
    "criteria": {
      "has_leather": "2024-06-25 07:32:09 +0000"
    },
    "done": true
  },
  "minecraft:adventure/shoot_arrow": {
    "criteria": {
      "shot_arrow": "2024-06-25 07:16:45 +0000"
    },
    "done": true
  },
  "minecraft:recipes/decorations/chest": {
    "criteria": {
      "has_lots_of_items": "2024-06-25 07:17:08 +0000"
    },
    "done": true
  },
  "minecraft:recipes/transportation/cherry_boat": {
    "criteria": {
      "in_water": "2024-06-25 07:43:31 +0000"
    },
    "done": true
  },
  "blue_skies:recipes/food/cooked_monitor_tail_from_campfire_cooking_monitor_tail": {
    "criteria": {
      "has_item": "2024-06-25 07:32:02 +0000"
    },
    "done": true
  },
  "aether:recipes/tools/aether_saddle": {
    "criteria": {
      "has_leather": "2024-06-25 07:32:09 +0000"
    },
    "done": true
  },
  "twilightforest:recipes/decorations/wood/spruce_banister": {
    "criteria": {
      "has_item": "2024-06-25 07:21:04 +0000"
    },
    "done": true
  },
  "minecraft:recipes/redstone/tripwire_hook": {
    "criteria": {
      "has_string": "2024-06-25 07:38:15 +0000"
    },
    "done": true
  },
  "betterend:recipes/misc/thallasium_pressure_plate": {
    "criteria": {
      "has_thallasium_ingot": "2024-06-25 07:24:34 +0000"
    },
    "done": true
  },
  "minecraft:recipes/decorations/candle": {
    "criteria": {
      "has_string": "2024-06-25 07:38:15 +0000"
    },
    "done": true
  },
  "biomesoplenty:recipes/transportation/dead_boat": {
    "criteria": {
      "in_water": "2024-06-25 07:43:31 +0000"
    },
    "done": true
  },
  "biomesoplenty:recipes/transportation/magic_boat": {
    "criteria": {
      "in_water": "2024-06-25 07:43:31 +0000"
    },
    "done": true
  },
  "aether:recipes/combat/bow_repairing": {
    "criteria": {
      "has_bow": "2024-06-25 07:14:52 +0000"
    },
    "done": true
  },
  "minecraft:recipes/misc/leather_horse_armor": {
    "criteria": {
      "has_leather": "2024-06-25 07:32:09 +0000"
    },
    "done": true
  },
  "betterend:recipes/misc/ender_perl_to_block": {
    "criteria": {
      "has_ender_pearl": "2024-06-25 07:24:43 +0000"
    },
    "done": true
  },
  "betterend:recipes/misc/terminite_chain": {
    "criteria": {
      "has_terminite_ingot": "2024-06-25 07:24:44 +0000"
    },
    "done": true
  },
  "minecraft:recipes/building_blocks/stripped_spruce_wood": {
    "criteria": {
      "has_log": "2024-06-25 07:08:38 +0000"
    },
    "done": true
  },
  "betterend:all_the_templates": {
    "criteria": {
      "got_plate": "2024-06-25 07:24:45 +0000"
    },
    "done": false
  },
  "aether:recipes/combat/iron_gloves": {
    "criteria": {
      "has_iron": "2024-06-25 07:24:34 +0000"
    },
    "done": true
  },
  "aether:recipes/redstone/skyroot_tripwire_hook": {
    "criteria": {
      "has_string": "2024-06-25 07:38:15 +0000"
    },
    "done": true
  },
  "minecraft:recipes/decorations/campfire": {
    "criteria": {
      "has_coal": "2024-06-25 07:32:09 +0000"
    },
    "done": true
  },
  "bclib:recipes/misc/tag_bucket": {
    "criteria": {
      "has_tag_c_iron_ingots": "2024-06-25 07:24:34 +0000"
    },
    "done": true
  },
  "betterend:recipes/misc/end_stone_smelter": {
    "criteria": {
      "has_thallasium_ingot": "2024-06-25 07:24:34 +0000"
    },
    "done": true
  },
  "betterend:recipes/misc/ender_eye_amber": {
    "criteria": {
      "has_ender_pearl": "2024-06-25 07:24:43 +0000"
    },
    "done": true
  },
  "minecraft:recipes/redstone/dispenser": {
    "criteria": {
      "has_bow": "2024-06-25 07:14:52 +0000"
    },
    "done": true
  },
  "naturescompass:natures_compass_sapling": {
    "criteria": {
      "has_recipe": "2024-06-25 07:08:38 +0000"
    },
    "done": true
  },
  "minecraft:recipes/transportation/acacia_boat": {
    "criteria": {
      "in_water": "2024-06-25 07:43:31 +0000"
    },
    "done": true
  },
  "minecraft:story/follow_ender_eye": {
    "criteria": {
      "in_stronghold_betterstrongholds": "2024-06-25 07:10:58 +0000"
    },
    "done": true
  },
  "minecraft:recipes/redstone/slime_block": {
    "criteria": {
      "has_slime_ball": "2024-06-25 07:40:42 +0000"
    },
    "done": true
  },
  "cataclysm:kill_ender_guardian": {
    "criteria": {
      "enderguardian": "2024-06-25 07:40:40 +0000"
    },
    "done": true
  },
  "minecraft:recipes/combat/leather_boots": {
    "criteria": {
      "has_leather": "2024-06-25 07:32:09 +0000"
    },
    "done": true
  },
  "aether:recipes/combat/leather_gloves": {
    "criteria": {
      "has_leather": "2024-06-25 07:32:09 +0000"
    },
    "done": true
  },
  "aether:recipes/combat/netherite_gloves_repairing": {
    "criteria": {
      "has_netherite_gloves": "2024-06-25 07:14:50 +0000"
    },
    "done": true
  },
  "minecraft:recipes/transportation/jungle_boat": {
    "criteria": {
      "in_water": "2024-06-25 07:43:31 +0000"
    },
    "done": true
  },
  "minecraft:story/enter_the_end": {
    "criteria": {
      "entered_end": "2024-06-25 07:12:43 +0000"
    },
    "done": true
  },
  "betterend:recipes/misc/infusion_pedestal": {
    "criteria": {
      "has_ender_eye": "2024-06-25 07:12:09 +0000"
    },
    "done": true
  },
  "farmersdelight:recipes/food/horse_feed": {
    "criteria": {
      "has_golden_carrot": "2024-06-25 07:35:46 +0000"
    },
    "done": true
  },
  "twilightforest:recipes/transportation/mining_boat": {
    "criteria": {
      "in_water": "2024-06-25 07:43:31 +0000"
    },
    "done": true
  },
  "handcrafted:recipes/misc/wood_cup": {
    "criteria": {
      "has_wood_cup": "2024-06-25 07:21:04 +0000"
    },
    "done": true
  },
  "betterend:recipes/misc/eternal_crystal": {
    "criteria": {
      "has_item.minecraft.end_crystal": "2024-06-25 07:24:43 +0000"
    },
    "done": true
  },
  "betterend:recipes/misc/copy_plate_upgrade": {
    "criteria": {
      "has_plate_upgrade_smithing_template": "2024-06-25 07:24:45 +0000"
    },
    "done": true
  },
  "delightful:recipes/food/cooking/jelly_bottle": {
    "criteria": {
      "has_sweet_fruit": "2024-06-25 07:22:05 +0000"
    },
    "done": true
  },
  "minecraft:recipes/combat/bow": {
    "criteria": {
      "has_string": "2024-06-25 07:38:15 +0000"
    },
    "done": true
  },
  "betterend:recipes/misc/leather_to_stripes": {
    "criteria": {
      "has_leather": "2024-06-25 07:32:09 +0000"
    },
    "done": true
  },
  "minecraft:recipes/decorations/composter": {
    "criteria": {
      "has_wood_slab": "2024-06-25 07:21:04 +0000"
    },
    "done": true
  },
  "twilightforest:recipes/transportation/mangrove_boat": {
    "criteria": {
      "in_water": "2024-06-25 07:43:31 +0000"
    },
    "done": true
  },
  "betterend:thallasium_tool": {
    "criteria": {
      "got_thallasium_shovel": "2024-06-25 07:24:29 +0000"
    },
    "done": true
  },
  "supplementaries:recipes/bamboo_spikes": {
    "criteria": {
      "minecraft:wooden_slabs": "2024-06-25 07:21:04 +0000"
    },
    "done": true
  },
  "biomesoplenty:recipes/transportation/fir_boat": {
    "criteria": {
      "in_water": "2024-06-25 07:43:31 +0000"
    },
    "done": true
  },
  "aether_redux:recipes/transportation/fieldsproot_boat": {
    "criteria": {
      "in_water": "2024-06-25 07:43:31 +0000"
    },
    "done": true
  },
  "betterend:recipes/misc/terminite_block": {
    "criteria": {
      "has_terminite_ingot": "2024-06-25 07:24:44 +0000"
    },
    "done": true
  },
  "minecraft:recipes/transportation/spruce_boat": {
    "criteria": {
      "in_water": "2024-06-25 07:43:31 +0000"
    },
    "done": true
  },
  "betterend:enter_end": {
    "criteria": {
      "entered_end": "2024-06-25 07:12:43 +0000"
    },
    "done": true
  },
  "supplementaries:recipes/blackboard": {
    "criteria": {
      "minecraft:wooden_slabs": "2024-06-25 07:21:04 +0000"
    },
    "done": true
  },
  "betterend:all_the_biomes": {
    "criteria": {
      "betterend:crystal_mountains": "2024-06-25 07:25:56 +0000",
      "betterend:shadow_forest": "2024-06-25 07:24:13 +0000",
      "betterend:sulphur_springs": "2024-06-25 07:29:28 +0000",
      "betterend:foggy_mushroomland": "2024-06-25 07:27:32 +0000",
      "betterend:ice_starfield": "2024-06-25 07:27:35 +0000",
      "betterend:glowing_grasslands": "2024-06-25 07:28:45 +0000",
      "betterend:umbra_valley": "2024-06-25 07:26:06 +0000",
      "betterend:lantern_woods": "2024-06-25 07:30:00 +0000"
    },
    "done": false
  },
  "biomesoplenty:recipes/transportation/redwood_boat": {
    "criteria": {
      "in_water": "2024-06-25 07:43:31 +0000"
    },
    "done": true
  },
  "minecraft:recipes/tools/lead": {
    "criteria": {
      "has_slime_ball": "2024-06-25 07:40:42 +0000"
    },
    "done": true
  },
  "betterend:recipes/misc/end_berry_smoker": {
    "criteria": {
      "has_item.betterend.shadow_berry_raw": "2024-06-25 07:24:28 +0000"
    },
    "done": true
  },
  "minecraft:recipes/transportation/mangrove_boat": {
    "criteria": {
      "in_water": "2024-06-25 07:43:31 +0000"
    },
    "done": true
  },
  "decorative_blocks:recipes/building_blocks/spruce_beam": {
    "criteria": {
      "has_stripped_log": "2024-06-25 07:08:38 +0000"
    },
    "done": true
  },
  "aether:recipes/decorations/skyroot_smithing_table": {
    "criteria": {
      "has_iron_ingot": "2024-06-25 07:24:34 +0000"
    },
    "done": true
  },
  "biomesoplenty:recipes/transportation/hellbark_boat": {
    "criteria": {
      "in_water": "2024-06-25 07:43:31 +0000"
    },
    "done": true
  },
  "aether:recipes/combat/skyroot_iron_vanilla_shield": {
    "criteria": {
      "has_iron_ingot": "2024-06-25 07:24:34 +0000"
    },
    "done": true
  },
  "biomesoplenty:recipes/transportation/jacaranda_boat": {
    "criteria": {
      "in_water": "2024-06-25 07:43:31 +0000"
    },
    "done": true
  },
  "twilightforest:recipes/transportation/canopy_boat": {
    "criteria": {
      "in_water": "2024-06-25 07:43:31 +0000"
    },
    "done": true
  },
  "minecraft:recipes/tools/flint_and_steel": {
    "criteria": {
      "has_obsidian": "2024-06-25 07:24:44 +0000"
    },
    "done": true
  },
  "betterend:recipes/misc/thallasium_chain": {
    "criteria": {
      "has_thallasium_ingot": "2024-06-25 07:24:34 +0000"
    },
    "done": true
  },
  "biomesoplenty:recipes/transportation/palm_boat": {
    "criteria": {
      "in_water": "2024-06-25 07:43:31 +0000"
    },
    "done": true
  },
  "betterend:recipes/misc/thallasium_door": {
    "criteria": {
      "has_thallasium_ingot": "2024-06-25 07:24:34 +0000"
    },
    "done": true
  },
  "minecraft:adventure/kill_a_mob": {
    "criteria": {
      "quark:foxhound": "2024-06-25 07:31:56 +0000"
    },
    "done": true
  },
  "minecraft:husbandry/balanced_diet": {
    "criteria": {
      "golden_carrot": "2024-06-25 07:35:59 +0000",
      "enchanted_golden_apple": "2024-06-25 07:38:24 +0000"
    },
    "done": false
  },
  "delightful:recipes/food/cooking/sinigang_no_ginger_citrus": {
    "criteria": {
      "has_ginger": "2024-06-25 07:22:05 +0000"
    },
    "done": true
  },
  "twilightforest:recipes/transportation/sorting_boat": {
    "criteria": {
      "in_water": "2024-06-25 07:43:31 +0000"
    },
    "done": true
  },
  "betterend:recipes/misc/shadow_berry_seeds": {
    "criteria": {
      "has_shadow_berry_raw": "2024-06-25 07:24:28 +0000"
    },
    "done": true
  },
  "aether_redux:recipes/transportation/glacia_boat": {
    "criteria": {
      "in_water": "2024-06-25 07:43:31 +0000"
    },
    "done": true
  },
  "minecraft:recipes/transportation/dark_oak_boat": {
    "criteria": {
      "in_water": "2024-06-25 07:43:31 +0000"
    },
    "done": true
  },
  "minecraft:recipes/misc/mojang_banner_pattern": {
    "criteria": {
      "has_enchanted_golden_apple": "2024-06-25 07:35:48 +0000"
    },
    "done": true
  },
  "betterend:recipes/misc/thallasium_nuggets_from_ingot": {
    "criteria": {
      "has_thallasium_ingot": "2024-06-25 07:24:34 +0000"
    },
    "done": true
  },
  "bclib:recipes/tools/tag_compass": {
    "criteria": {
      "has_tag_c_iron_ingots": "2024-06-25 07:24:34 +0000"
    },
    "done": true
  },
  "alexsmobs:alexsmobs/enderiophage": {
    "criteria": {
      "killed_by": "2024-06-25 07:25:12 +0000"
    },
    "done": true
  },
  "comforts:rope_and_nail": {
    "criteria": {
      "has_iron": "2024-06-25 07:24:34 +0000"
    },
    "done": true
  },
  "minecraft:recipes/decorations/snow": {
    "criteria": {
      "has_snowball": "2024-06-25 07:08:41 +0000"
    },
    "done": true
  },
  "adorabuild_structures:end_structures": {
    "criteria": {
      "example": "2024-06-25 07:12:43 +0000"
    },
    "done": true
  },
  "betterend:recipes/misc/thallasium_ingot_furnace_raw_blasting": {
    "criteria": {
      "has_item.betterend.thallasium_raw": "2024-06-25 07:24:43 +0000"
    },
    "done": true
  },
  "naturescompass:natures_compass": {
    "criteria": {
      "has_recipe": "2024-06-25 07:08:38 +0000"
    },
    "done": true
  },
  "supplementaries:recipes/cage": {
    "criteria": {
      "minecraft:wooden_slabs": "2024-06-25 07:21:04 +0000"
    },
    "done": true
  },
  "minecraft:adventure/kill_all_mobs": {
    "criteria": {
      "minecraft:enderman": "2024-06-25 07:41:11 +0000",
      "quark:foxhound": "2024-06-25 07:31:56 +0000"
    },
    "done": false
  },
  "biomesoplenty:recipes/transportation/umbran_boat": {
    "criteria": {
      "in_water": "2024-06-25 07:43:31 +0000"
    },
    "done": true
  },
  "aether:recipes/combat/netherite_helmet_repairing": {
    "criteria": {
      "has_netherite_helmet": "2024-06-25 07:14:42 +0000"
    },
    "done": true
  },
  "minecraft:recipes/transportation/bamboo_raft": {
    "criteria": {
      "in_water": "2024-06-25 07:43:31 +0000"
    },
    "done": true
  },
  "backpacked:recipes/decorations/spruce_backpack_shelf": {
    "criteria": {
      "has_slab": "2024-06-25 07:21:04 +0000"
    },
    "done": true
  },
  "minecraft:recipes/decorations/spruce_hanging_sign": {
    "criteria": {
      "has_stripped_logs": "2024-06-25 07:08:38 +0000"
    },
    "done": true
  },
  "betterend:recipes/misc/end_berry_campfire": {
    "criteria": {
      "has_item.betterend.shadow_berry_raw": "2024-06-25 07:24:28 +0000"
    },
    "done": true
  },
  "minecraft:adventure/ol_betsy": {
    "criteria": {
      "shot_crossbow": "2024-06-25 07:20:53 +0000"
    },
    "done": true
  },
  "minecraft:nether/netherite_armor": {
    "criteria": {
      "netherite_armor": "2024-06-25 07:14:43 +0000"
    },
    "done": true
  },
  "alexsmobs:alexsmobs/ender_flu": {
    "criteria": {
      "all_effects": "2024-06-25 07:25:19 +0000"
    },
    "done": true
  },
  "betterend:recipes/misc/thallasium_block": {
    "criteria": {
      "has_thallasium_ingot": "2024-06-25 07:24:34 +0000"
    },
    "done": true
  },
  "cataclysm:kill_ender_golem": {
    "criteria": {
      "endergolem": "2024-06-25 07:19:23 +0000"
    },
    "done": true
  },
  "aether:recipes/combat/netherite_boots_repairing": {
    "criteria": {
      "has_netherite_boots": "2024-06-25 07:14:43 +0000"
    },
    "done": true
  },
  "betterend:recipes/misc/terminite_bulb_lantern": {
    "criteria": {
      "has_terminite_ingot": "2024-06-25 07:24:44 +0000"
    },
    "done": true
  },
  "bclib:recipes/transportation/tag_minecart": {
    "criteria": {
      "has_tag_c_iron_ingots": "2024-06-25 07:24:34 +0000"
    },
    "done": true
  },
  "minecraft:recipes/misc/charcoal": {
    "criteria": {
      "has_log": "2024-06-25 07:08:38 +0000"
    },
    "done": true
  },
  "minecraft:recipes/decorations/item_frame": {
    "criteria": {
      "has_leather": "2024-06-25 07:32:09 +0000"
    },
    "done": true
  },
  "naturescompass:natures_compass_log": {
    "criteria": {
      "has_log": "2024-06-25 07:08:38 +0000"
    },
    "done": true
  },
  "supplementaries:recipes/slingshot": {
    "criteria": {
      "has_string": "2024-06-25 07:38:15 +0000"
    },
    "done": true
  },
  "minecraft:story/form_obsidian": {
    "criteria": {
      "obsidian": "2024-06-25 07:24:44 +0000"
    },
    "done": true
  },
  "minecraft:adventure/root": {
    "criteria": {
      "killed_by_something": "2024-06-25 07:13:47 +0000"
    },
    "done": true
  },
  "aether:recipes/combat/netherite_chestplate_repairing": {
    "criteria": {
      "has_netherite_chestplate": "2024-06-25 07:14:43 +0000"
    },
    "done": true
  },
  "betterend:recipes/misc/ender_pearl_to_dust": {
    "criteria": {
      "has_item.minecraft.ender_pearl": "2024-06-25 07:24:43 +0000"
    },
    "done": true
  },
  "supplementaries:recipes/item_shelf": {
    "criteria": {
      "minecraft:wooden_slabs": "2024-06-25 07:21:04 +0000"
    },
    "done": true
  },
  "minecraft:recipes/combat/crossbow": {
    "criteria": {
      "has_string": "2024-06-25 07:38:15 +0000"
    },
    "done": true
  },
  "betterend:recipes/misc/terminite_chandelier": {
    "criteria": {
      "has_terminite_ingot": "2024-06-25 07:24:44 +0000"
    },
    "done": true
  },
  "voidtotem:adventure/totem_of_void_undying": {
    "criteria": {
      "used_void_totem": "2024-06-25 07:13:22 +0000"
    },
    "done": true
  },
  "minecraft:recipes/decorations/barrel": {
    "criteria": {
      "has_wood_slab": "2024-06-25 07:21:04 +0000"
    },
    "done": true
  },
  "betterend:recipes/misc/terminite_bars": {
    "criteria": {
      "has_terminite_ingot": "2024-06-25 07:24:44 +0000"
    },
    "done": true
  },
  "supplementaries:recipes/sack": {
    "criteria": {
      "has_string": "2024-06-25 07:38:15 +0000"
    },
    "done": true
  },
  "minecraft:recipes/decorations/ender_chest": {
    "criteria": {
      "has_ender_eye": "2024-06-25 07:12:09 +0000"
    },
    "done": true
  },
  "bclib:recipes/redstone/tag_piston": {
    "criteria": {
      "has_tag_c_iron_ingots": "2024-06-25 07:24:34 +0000"
    },
    "done": true
  },
  "twilightforest:recipes/transportation/twilight_oak_boat": {
    "criteria": {
      "in_water": "2024-06-25 07:43:31 +0000"
    },
    "done": true
  },
  "twilightforest:recipes/transportation/time_boat": {
    "criteria": {
      "in_water": "2024-06-25 07:43:31 +0000"
    },
    "done": true
  },
  "another_furniture:recipes/spruce_flower_box": {
    "criteria": {
      "has_slab": "2024-06-25 07:21:04 +0000"
    },
    "done": true
  },
  "minecraft:recipes/combat/leather_leggings": {
    "criteria": {
      "has_leather": "2024-06-25 07:32:09 +0000"
    },
    "done": true
  },
  "aether_redux:recipes/transportation/crystal_boat": {
    "criteria": {
      "in_water": "2024-06-25 07:43:31 +0000"
    },
    "done": true
  },
  "aether:recipes/combat/netherite_leggings_repairing": {
    "criteria": {
      "has_netherite_leggings": "2024-06-25 07:14:43 +0000"
    },
    "done": true
  },
  "betterend:recipes/misc/aeternium_sword_handle": {
    "criteria": {
      "has_item.betterend.leather_wrapped_stick": "2024-06-25 07:24:45 +0000"
    },
    "done": true
  },
  "blue_skies:recipes/food/cooked_monitor_tail_from_smoking_monitor_tail": {
    "criteria": {
      "has_item": "2024-06-25 07:32:02 +0000"
    },
    "done": true
  },
  "minecraft:recipes/misc/diamond": {
    "criteria": {
      "has_diamond_block": "2024-06-25 07:31:10 +0000"
    },
    "done": true
  },
  "supplementaries:recipes/flower_box": {
    "criteria": {
      "minecraft:wooden_slabs": "2024-06-25 07:21:04 +0000"
    },
    "done": true
  },
  "betterend:recipes/misc/copy_terminite_upgrade": {
    "criteria": {
      "has_terminite_ingot": "2024-06-25 07:24:44 +0000"
    },
    "done": true
  },
  "betterend:recipes/misc/terminite_door": {
    "criteria": {
      "has_terminite_ingot": "2024-06-25 07:24:44 +0000"
    },
    "done": true
  },
  "bclib:recipes/decorations/tag_smith_table": {
    "criteria": {
      "has_tag_c_iron_ingots": "2024-06-25 07:24:34 +0000"
    },
    "done": true
  },
  "minecraft:recipes/tools/fishing_rod": {
    "criteria": {
      "has_string": "2024-06-25 07:38:15 +0000"
    },
    "done": true
  },
  "twigs:recipes/tables/spruce_table_slab": {
    "criteria": {
      "has_bamboo": "2024-06-25 07:21:04 +0000"
    },
    "done": true
  },
  "aether_redux:recipes/transportation/blightwillow_boat": {
    "criteria": {
      "in_water": "2024-06-25 07:43:31 +0000"
    },
    "done": true
  },
  "twilightforest:recipes/transportation/transformation_boat": {
    "criteria": {
      "in_water": "2024-06-25 07:43:31 +0000"
    },
    "done": true
  },
  "another_furniture:recipes/spruce_bench": {
    "criteria": {
      "has_slab": "2024-06-25 07:21:04 +0000"
    },
    "done": true
  },
  "betterend:recipes/misc/terminite_trapdoor": {
    "criteria": {
      "has_terminite_ingot": "2024-06-25 07:24:44 +0000"
    },
    "done": true
  },
  "bclib:recipes/transportation/tag_rail": {
    "criteria": {
      "has_tag_c_iron_ingots": "2024-06-25 07:24:34 +0000"
    },
    "done": true
  },
  "betterend:recipes/misc/thallasium_bulb_lantern": {
    "criteria": {
      "has_thallasium_ingot": "2024-06-25 07:24:34 +0000"
    },
    "done": true
  },
  "supplementaries:recipes/bellows": {
    "criteria": {
      "minecraft:wooden_slabs": "2024-06-25 07:21:04 +0000"
    },
    "done": true
  },
  "bclib:recipes/combat/tag_shield": {
    "criteria": {
      "has_tag_c_iron_ingots": "2024-06-25 07:24:34 +0000"
    },
    "done": true
  },
  "betterend:village": {
    "criteria": {
      "end_village": "2024-06-25 07:28:53 +0000"
    },
    "done": true
  },
  "minecraft:husbandry/root": {
    "criteria": {
      "consumed_item": "2024-06-25 07:22:07 +0000"
    },
    "done": true
  },
  "minecraft:recipes/transportation/birch_boat": {
    "criteria": {
      "in_water": "2024-06-25 07:43:31 +0000"
    },
    "done": true
  },
  "minecraft:recipes/transportation/oak_boat": {
    "criteria": {
      "in_water": "2024-06-25 07:43:31 +0000"
    },
    "done": true
  },
  "aether:recipes/combat/diamond_gloves_repairing": {
    "criteria": {
      "has_diamond_gloves": "2024-06-25 07:06:53 +0000"
    },
    "done": true
  },
  "minecraft:recipes/building_blocks/coal_block": {
    "criteria": {
      "has_coal": "2024-06-25 07:32:09 +0000"
    },
    "done": true
  },
  "another_furniture:recipes/spruce_shutter": {
    "criteria": {
      "has_slab": "2024-06-25 07:21:04 +0000"
    },
    "done": true
  },
  "delightful:recipes/food/cooking/ender_nectar": {
    "criteria": {
      "has_ender_eye": "2024-06-25 07:12:09 +0000"
    },
    "done": true
  },
  "sawmill:recipes/sawmill": {
    "criteria": {
      "has_slabs": "2024-06-25 07:21:04 +0000"
    },
    "done": true
  },
  "betterend:recipes/misc/thallasium_bars": {
    "criteria": {
      "has_thallasium_ingot": "2024-06-25 07:24:34 +0000"
    },
    "done": true
  },
  "aether_redux:recipes/transportation/cloudcap_boat": {
    "criteria": {
      "in_water": "2024-06-25 07:43:31 +0000"
    },
    "done": true
  },
  "minecraft:recipes/building_blocks/spruce_planks": {
    "criteria": {
      "has_logs": "2024-06-25 07:08:38 +0000"
    },
    "done": true
  },
  "betterend:recipes/misc/copy_thallasium_upgrade": {
    "criteria": {
      "has_thallasium_ingot": "2024-06-25 07:24:34 +0000"
    },
    "done": true
  },
  "alexsmobs:alexsmobs/banana": {
    "criteria": {
      "banana": "2024-06-25 07:22:05 +0000"
    },
    "done": true
  },
  "betterend:recipes/misc/thallasium_trapdoor": {
    "criteria": {
      "has_thallasium_ingot": "2024-06-25 07:24:34 +0000"
    },
    "done": true
  },
  "minecraft:recipes/redstone/sticky_piston": {
    "criteria": {
      "has_slime_ball": "2024-06-25 07:40:42 +0000"
    },
    "done": true
  },
  "betterend:recipes/misc/terminite_anvil": {
    "criteria": {
      "has_terminite_ingot": "2024-06-25 07:24:44 +0000"
    },
    "done": true
  },
  "biomesoplenty:recipes/transportation/mahogany_boat": {
    "criteria": {
      "in_water": "2024-06-25 07:43:31 +0000"
    },
    "done": true
  },
  "twilightforest:recipes/transportation/dark_boat": {
    "criteria": {
      "in_water": "2024-06-25 07:43:31 +0000"
    },
    "done": true
  },
  "aether_redux:recipes/transportation/jellyshroom_boat": {
    "criteria": {
      "in_water": "2024-06-25 07:43:31 +0000"
    },
    "done": true
  },
  "minecraft:end/find_end_city": {
    "criteria": {
      "in_city": "2024-06-25 07:30:03 +0000"
    },
    "done": true
  },
  "aether:recipes/decorations/skyroot_chest": {
    "criteria": {
      "has_lots_of_items": "2024-06-25 07:17:08 +0000"
    },
    "done": true
  },
  "betterend:all_elytras": {
    "criteria": {
      "crystalite": "2024-06-25 07:43:26 +0000",
      "armored": "2024-06-25 07:43:26 +0000"
    },
    "done": false
  },
  "betterend:recipes/misc/thallasium_anvil": {
    "criteria": {
      "has_thallasium_ingot": "2024-06-25 07:24:34 +0000"
    },
    "done": true
  },
  "minecraft:recipes/building_blocks/white_wool_from_string": {
    "criteria": {
      "has_string": "2024-06-25 07:38:15 +0000"
    },
    "done": true
  },
  "blue_skies:recipes/food/cooked_monitor_tail_from_smelting_monitor_tail": {
    "criteria": {
      "has_item": "2024-06-25 07:32:02 +0000"
    },
    "done": true
  },
  "minecraft:end/root": {
    "criteria": {
      "entered_end": "2024-06-25 07:12:43 +0000"
    },
    "done": true
  },
  "bclib:recipes/redstone/tag_hopper": {
    "criteria": {
      "has_tag_c_iron_ingots": "2024-06-25 07:24:34 +0000"
    },
    "done": true
  },
  "betterend:recipes/misc/terminite_nuggets_from_ingot": {
    "criteria": {
      "has_terminite_ingot": "2024-06-25 07:24:44 +0000"
    },
    "done": true
  },
  "blue_skies:recipes/building_blocks/trough": {
    "criteria": {
      "has_item": "2024-06-25 07:21:04 +0000"
    },
    "done": true
  },
  "supplementaries:recipes/jar": {
    "criteria": {
      "minecraft:wooden_slabs": "2024-06-25 07:21:04 +0000"
    },
    "done": true
  },
  "supplementaries:recipes/pulley": {
    "criteria": {
      "minecraft:wooden_slabs": "2024-06-25 07:21:04 +0000"
    },
    "done": true
  },
  "handcrafted:recipes/misc/wood_bowl": {
    "criteria": {
      "has_wood_bowl": "2024-06-25 07:21:04 +0000"
    },
    "done": true
  },
  "minecraft:recipes/decorations/enchanting_table": {
    "criteria": {
      "has_obsidian": "2024-06-25 07:24:44 +0000"
    },
    "done": true
  },
  "bclib:recipes/brewing/tag_cauldron": {
    "criteria": {
      "has_tag_c_iron_ingots": "2024-06-25 07:24:34 +0000"
    },
    "done": true
  },
  "advancednetherite:recipes/misc/netherite_iron_ingot": {
    "criteria": {
      "has_TagKey[minecraft:item / forge:ingots/iron]": "2024-06-25 07:24:34 +0000"
    },
    "done": true
  },
  "blue_skies:everdawn/kill_bug": {
    "criteria": {
      "kill_venom_spider": "2024-06-25 07:38:09 +0000"
    },
    "done": false
  },
  "minecraft:recipes/decorations/loom": {
    "criteria": {
      "has_string": "2024-06-25 07:38:15 +0000"
    },
    "done": true
  },
  "handcrafted:recipes/misc/wood_plate": {
    "criteria": {
      "has_wood_plate": "2024-06-25 07:21:04 +0000"
    },
    "done": true
  },
  "twilightdelight:recipes/frozen/cutting/ice_bow": {
    "criteria": {
      "has_bow": "2024-06-25 07:14:52 +0000"
    },
    "done": true
  },
  "bclib:recipes/decorations/tag_stonecutter": {
    "criteria": {
      "has_tag_c_iron_ingots": "2024-06-25 07:24:34 +0000"
    },
    "done": true
  },
  "betterend:recipes/misc/copy_leather_handle_attachment": {
    "criteria": {
      "has_leather": "2024-06-25 07:32:09 +0000"
    },
    "done": true
  },
  "minecraft:recipes/building_blocks/snow_block": {
    "criteria": {
      "has_snowball": "2024-06-25 07:08:41 +0000"
    },
    "done": true
  },
  "betterend:recipes/misc/thallasium_ingot_furnace_raw_smelting": {
    "criteria": {
      "has_item.betterend.thallasium_raw": "2024-06-25 07:24:43 +0000"
    },
    "done": true
  },
  "DataVersion": 3465
}